,d_loss,g_loss
0,0.2486826479434967,0.04818921536207199
1,0.3610249161720276,0.25739312171936035
2,0.16388952732086182,0.4739343523979187
3,0.09904450923204422,0.5417889356613159
4,0.08858733624219894,0.5413673520088196
5,0.08994278311729431,0.5059869885444641
6,0.07907801121473312,0.6274272203445435
7,0.0810445100069046,0.21548381447792053
8,0.1539905071258545,0.6690996885299683
9,0.07824394106864929,0.40594643354415894
10,0.07225683331489563,0.6340692043304443
11,0.06106884032487869,0.4693848490715027
12,0.05928381532430649,0.6868014335632324
13,0.03765442967414856,0.6137291193008423
14,0.05792565643787384,0.6202346086502075
15,0.06004347652196884,0.641793429851532
16,0.06446763873100281,0.531889796257019
17,0.07078418135643005,0.546850323677063
18,0.03221174329519272,0.46499648690223694
19,0.04994284361600876,0.5623331665992737
20,0.0515936054289341,0.12232053279876709
21,0.1482839584350586,0.7886714935302734
22,0.2351962774991989,0.05560699850320816
23,0.21272480487823486,0.3313714265823364
24,0.0850602239370346,0.45174336433410645
25,0.085963174700737,0.27654582262039185
26,0.10859543085098267,0.5178030133247375
27,0.1310642957687378,0.06862717866897583
28,0.23521101474761963,0.5200388431549072
29,0.12022003531455994,0.11364306509494781
30,0.1781255453824997,0.540858268737793
31,0.14819860458374023,0.10102309286594391
32,0.1892777681350708,0.47395655512809753
33,0.1447138488292694,0.12159378826618195
34,0.1788599044084549,0.4721985459327698
35,0.15080876648426056,0.08007323741912842
36,0.19755086302757263,0.418243944644928
37,0.13443490862846375,0.10301248729228973
38,0.1826910525560379,0.437627911567688
39,0.18099643290042877,0.06359653174877167
40,0.23145651817321777,0.4041856825351715
41,0.18598130345344543,0.07750962674617767
42,0.2160051017999649,0.40811166167259216
43,0.19283811748027802,0.08932149410247803
44,0.2236037701368332,0.4218331277370453
45,0.19548183679580688,0.0740567296743393
46,0.23219212889671326,0.34849560260772705
47,0.1810203194618225,0.10446720570325851
48,0.20240485668182373,0.40659090876579285
49,0.21630877256393433,0.06633463501930237
50,0.22168202698230743,0.43289124965667725
51,0.20435968041419983,0.07177512347698212
52,0.2092946469783783,0.3470645844936371
53,0.1957790106534958,0.08238276094198227
54,0.18258138000965118,0.3466181457042694
55,0.18061339855194092,0.06977958232164383
56,0.20568186044692993,0.29471921920776367
57,0.17954963445663452,0.09066376090049744
58,0.17242279648780823,0.2909194827079773
59,0.17831407487392426,0.06560897827148438
60,0.208529531955719,0.23798391222953796
61,0.171806201338768,0.06164572387933731
62,0.21360625326633453,0.34014269709587097
63,0.20139753818511963,0.054907675832509995
64,0.22179891169071198,0.26019608974456787
65,0.2120031714439392,0.05749782174825668
66,0.19847267866134644,0.255770206451416
67,0.19210004806518555,0.07300933450460434
68,0.2068547010421753,0.24981120228767395
69,0.210270956158638,0.08662658929824829
70,0.22357043623924255,0.2782246768474579
71,0.221736341714859,0.0661744624376297
72,0.22689782083034515,0.2901909351348877
73,0.2225136011838913,0.0850493460893631
74,0.22153213620185852,0.29411888122558594
75,0.22783797979354858,0.08724027872085571
76,0.23792976140975952,0.3164302408695221
77,0.24122251570224762,0.09542037546634674
78,0.23887692391872406,0.33267879486083984
79,0.2450300008058548,0.12371540069580078
80,0.23334316909313202,0.27691102027893066
81,0.2428242266178131,0.11978203803300858
82,0.23499321937561035,0.3191101551055908
83,0.2387406826019287,0.1094793826341629
84,0.24572385847568512,0.3390898108482361
85,0.2633795142173767,0.1126190572977066
86,0.23836946487426758,0.35911211371421814
87,0.2345527857542038,0.11315673589706421
88,0.24996446073055267,0.36390578746795654
89,0.2252398431301117,0.15319418907165527
90,0.23708252608776093,0.4063510298728943
91,0.2379274070262909,0.12735244631767273
92,0.24863290786743164,0.3864666223526001
93,0.23578393459320068,0.16403621435165405
94,0.2348489761352539,0.331508070230484
95,0.21854466199874878,0.16677483916282654
96,0.2218800038099289,0.3933085799217224
97,0.2366979718208313,0.13345442712306976
98,0.2439665049314499,0.40434932708740234
99,0.2302669882774353,0.1474299132823944
100,0.23462828993797302,0.3640919029712677
101,0.2208837866783142,0.17660579085350037
102,0.22239290177822113,0.35633787512779236
103,0.2214266061782837,0.18379411101341248
104,0.22373920679092407,0.36550453305244446
105,0.242147296667099,0.1867058426141739
106,0.23798547685146332,0.40987178683280945
107,0.21792151033878326,0.16664692759513855
108,0.2309759557247162,0.40260329842567444
109,0.24295136332511902,0.13740725815296173
110,0.23656928539276123,0.4003069996833801
111,0.22276188433170319,0.181989386677742
112,0.22092151641845703,0.3552646338939667
113,0.22243602573871613,0.17214210331439972
114,0.2229383885860443,0.34269702434539795
115,0.22592195868492126,0.15729616582393646
116,0.22770531475543976,0.3471935987472534
117,0.23067252337932587,0.15618707239627838
118,0.2320970892906189,0.33907535672187805
119,0.22262577712535858,0.18254345655441284
120,0.22447091341018677,0.2743689715862274
121,0.22652116417884827,0.18193349242210388
122,0.22671395540237427,0.27945560216903687
123,0.21296542882919312,0.20983368158340454
124,0.22254054248332977,0.3035673499107361
125,0.23020558059215546,0.15189513564109802
126,0.2413541078567505,0.42345571517944336
127,0.2677296996116638,0.11842535436153412
128,0.2469133883714676,0.41500145196914673
129,0.25587692856788635,0.14185068011283875
130,0.23984086513519287,0.3707273006439209
131,0.22969548404216766,0.16304373741149902
132,0.22304129600524902,0.3217813968658447
133,0.23456087708473206,0.19849517941474915
134,0.22472605109214783,0.32569777965545654
135,0.23823031783103943,0.20045259594917297
136,0.22833511233329773,0.3513043522834778
137,0.2189946174621582,0.170717254281044
138,0.2294255793094635,0.40082311630249023
139,0.22298718988895416,0.1640087217092514
140,0.21975626051425934,0.4293561577796936
141,0.22921356558799744,0.18057724833488464
142,0.23284770548343658,0.34120672941207886
143,0.22280718386173248,0.20575612783432007
144,0.22009339928627014,0.3452156186103821
145,0.223256453871727,0.19514591991901398
146,0.22907406091690063,0.38434621691703796
147,0.24039088189601898,0.15997695922851562
148,0.2299104779958725,0.389669269323349
149,0.23606690764427185,0.1558643877506256
150,0.23817427456378937,0.3457496762275696
151,0.23151512444019318,0.1873505711555481
152,0.23802044987678528,0.3118599057197571
153,0.2306627631187439,0.21974219381809235
154,0.21604710817337036,0.30715155601501465
155,0.21338924765586853,0.19617366790771484
156,0.21051830053329468,0.2915552854537964
157,0.24870093166828156,0.1473567634820938
158,0.22222279012203217,0.400701105594635
159,0.23975539207458496,0.12760403752326965
160,0.23940391838550568,0.3159838020801544
161,0.24182049930095673,0.1609092503786087
162,0.2206408679485321,0.28988295793533325
163,0.23658812046051025,0.16819877922534943
164,0.22463062405586243,0.3048401474952698
165,0.224577859044075,0.18376919627189636
166,0.21523503959178925,0.3271859884262085
167,0.22040997445583344,0.16846808791160583
168,0.21254193782806396,0.3656766712665558
169,0.23230695724487305,0.12556490302085876
170,0.22740347683429718,0.3167946934700012
171,0.23094427585601807,0.14842720329761505
172,0.2193908840417862,0.3172112703323364
173,0.21674227714538574,0.1796213537454605
174,0.20167458057403564,0.29346972703933716
175,0.20459513366222382,0.15800021588802338
176,0.1995229423046112,0.30808717012405396
177,0.19567812979221344,0.12712933123111725
178,0.2055586874485016,0.33216577768325806
179,0.20462460815906525,0.12925493717193604
180,0.21705231070518494,0.2967971861362457
181,0.2069176435470581,0.14409799873828888
182,0.2128138393163681,0.2841697037220001
183,0.21558083593845367,0.14677844941616058
184,0.1964489072561264,0.2651323080062866
185,0.21851256489753723,0.14387287199497223
186,0.2216210663318634,0.31969374418258667
187,0.2192135751247406,0.10419772565364838
188,0.22733016312122345,0.3452726900577545
189,0.23205381631851196,0.1204766184091568
190,0.21699172258377075,0.253753662109375
191,0.21272596716880798,0.14229170978069305
192,0.20762664079666138,0.2011251002550125
193,0.20906215906143188,0.15291905403137207
194,0.21078723669052124,0.19252970814704895
195,0.20068156719207764,0.13364751636981964
196,0.21601548790931702,0.2506779730319977
197,0.22638478875160217,0.11618678271770477
198,0.23969489336013794,0.3847670555114746
199,0.2376570850610733,0.10568879544734955
200,0.23610076308250427,0.30395597219467163
201,0.2431821972131729,0.14967167377471924
202,0.22845280170440674,0.2100619673728943
203,0.2209635227918625,0.21984043717384338
204,0.21669059991836548,0.17575252056121826
205,0.22417905926704407,0.2551271617412567
206,0.1995820701122284,0.12358030676841736
207,0.2225511521100998,0.28303661942481995
208,0.2286834865808487,0.11605309695005417
209,0.22179555892944336,0.2639635503292084
210,0.21654048562049866,0.13550138473510742
211,0.2240668088197708,0.23281016945838928
212,0.2143828570842743,0.12689325213432312
213,0.23174434900283813,0.2889966666698456
214,0.214533731341362,0.1309707760810852
215,0.2250308096408844,0.302971214056015
216,0.21777047216892242,0.12815603613853455
217,0.21956530213356018,0.3139663338661194
218,0.22528798878192902,0.10953570902347565
219,0.22667314112186432,0.26214027404785156
220,0.18606393039226532,0.11684361100196838
221,0.20008784532546997,0.24808649718761444
222,0.2111649513244629,0.07668383419513702
223,0.19605493545532227,0.18293263018131256
224,0.1966755986213684,0.06753265857696533
225,0.20021499693393707,0.21145397424697876
226,0.225448340177536,0.06853976845741272
227,0.19266363978385925,0.17451925575733185
228,0.20188173651695251,0.09172487258911133
229,0.21015343070030212,0.15728498995304108
230,0.2166949361562729,0.08356720954179764
231,0.20770710706710815,0.18357618153095245
232,0.18919798731803894,0.0938442200422287
233,0.20420986413955688,0.1781199425458908
234,0.1972808837890625,0.0648605078458786
235,0.20706407725811005,0.24762746691703796
236,0.2080165445804596,0.06621693819761276
237,0.2286500483751297,0.22798031568527222
238,0.19052407145500183,0.11286108940839767
239,0.20501719415187836,0.1957300901412964
240,0.19386842846870422,0.14420127868652344
241,0.21136856079101562,0.19200916588306427
242,0.20658954977989197,0.09832191467285156
243,0.2136872112751007,0.2909950613975525
244,0.23826101422309875,0.07208934426307678
245,0.22221477329730988,0.23611599206924438
246,0.189640611410141,0.09288311749696732
247,0.21725019812583923,0.2424432933330536
248,0.20982156693935394,0.10353240370750427
249,0.19648002088069916,0.15350012481212616
250,0.17844635248184204,0.13405118882656097
251,0.18998096883296967,0.17251703143119812
252,0.21973976492881775,0.11286713182926178
253,0.2032587230205536,0.14879649877548218
254,0.17059734463691711,0.08748642355203629
255,0.21589389443397522,0.20533543825149536
256,0.20599478483200073,0.061840400099754333
257,0.2329212725162506,0.32988259196281433
258,0.22120188176631927,0.07892529666423798
259,0.2141590714454651,0.22669044137001038
260,0.19659563899040222,0.1149217039346695
261,0.2020348459482193,0.20139366388320923
262,0.18053767085075378,0.09548774361610413
263,0.19943653047084808,0.26504844427108765
264,0.19407658278942108,0.09946564584970474
265,0.17978982627391815,0.1934470683336258
266,0.15866802632808685,0.09347453713417053
267,0.17656083405017853,0.23323233425617218
268,0.17471767961978912,0.06615890562534332
269,0.1845996081829071,0.20668727159500122
270,0.1864812970161438,0.06363717466592789
271,0.20967493951320648,0.22136574983596802
272,0.18068379163742065,0.06292930245399475
273,0.18086844682693481,0.16314801573753357
274,0.1797068864107132,0.060701679438352585
275,0.17509353160858154,0.16256514191627502
276,0.1827549934387207,0.07700536400079727
277,0.1861668825149536,0.20244556665420532
278,0.20526394248008728,0.07941346615552902
279,0.2024431824684143,0.22653360664844513
280,0.18948955833911896,0.09151235222816467
281,0.18948769569396973,0.16296030580997467
282,0.17605450749397278,0.0817636176943779
283,0.1744394153356552,0.14514797925949097
284,0.18656396865844727,0.10455772280693054
285,0.18305708467960358,0.1601560264825821
286,0.17851054668426514,0.062010038644075394
287,0.1968403309583664,0.26459938287734985
288,0.22656051814556122,0.03649112209677696
289,0.2222670167684555,0.2085975706577301
290,0.19810478389263153,0.0877174586057663
291,0.19004099071025848,0.19814905524253845
292,0.18241029977798462,0.12161873281002045
293,0.17346400022506714,0.17420613765716553
294,0.16386637091636658,0.16767844557762146
295,0.16054759919643402,0.23138096928596497
296,0.17930641770362854,0.14131416380405426
297,0.1643058806657791,0.3538791239261627
298,0.1782471239566803,0.07263098657131195
299,0.2067820429801941,0.3116547465324402
300,0.16754455864429474,0.08773728460073471
301,0.18066838383674622,0.25304940342903137
302,0.1301214098930359,0.08527034521102905
303,0.1602392941713333,0.23482917249202728
304,0.13251052796840668,0.07994809001684189
305,0.13704293966293335,0.2540074586868286
306,0.13483992218971252,0.0608203262090683
307,0.1354122757911682,0.21559789776802063
308,0.12685228884220123,0.09312637895345688
309,0.12589861452579498,0.19430571794509888
310,0.1152431070804596,0.07156841456890106
311,0.12251697480678558,0.12782354652881622
312,0.1107371374964714,0.1213700920343399
313,0.10355683416128159,0.09855549037456512
314,0.10558627545833588,0.2279004454612732
315,0.13236768543720245,0.04608578979969025
316,0.13706925511360168,0.2491799145936966
317,0.1739119440317154,0.03604130446910858
318,0.17729854583740234,0.19829002022743225
319,0.14513882994651794,0.06487066298723221
320,0.16697482764720917,0.18506081402301788
321,0.14149779081344604,0.0687626451253891
322,0.14434973895549774,0.18046791851520538
323,0.13594815135002136,0.08941260725259781
324,0.12079066038131714,0.1366049349308014
325,0.11409804970026016,0.15019774436950684
326,0.10467303544282913,0.13107718527317047
327,0.09792248904705048,0.10013074427843094
328,0.1294087916612625,0.3106197416782379
329,0.11382387578487396,0.06103159114718437
330,0.14985430240631104,0.3248612880706787
331,0.15971969068050385,0.0369843915104866
332,0.16151922941207886,0.27219897508621216
333,0.18640334904193878,0.05810372158885002
334,0.13481639325618744,0.1500980406999588
335,0.11340822279453278,0.06290294229984283
336,0.14236187934875488,0.22152179479599
337,0.1459420621395111,0.11969029158353806
338,0.13253945112228394,0.12016108632087708
339,0.12980221211910248,0.0795750766992569
340,0.11976440250873566,0.23701822757720947
341,0.13229142129421234,0.03326278179883957
342,0.12008035182952881,0.18143296241760254
343,0.1011015847325325,0.050754230469465256
344,0.09926337003707886,0.11491148173809052
345,0.13260963559150696,0.027579784393310547
346,0.09521092474460602,0.08555643260478973
347,0.09524152427911758,0.029872240498661995
348,0.07681828737258911,0.058992162346839905
349,0.0804348886013031,0.02749163843691349
350,0.0624406635761261,0.015572421252727509
351,0.07199368625879288,0.06103132665157318
352,0.07821822911500931,0.007518105208873749
353,0.10885176807641983,0.08137469738721848
354,0.0799134224653244,0.012131566181778908
355,0.07343494147062302,0.031023897230625153
356,0.06640500575304031,0.01113920472562313
357,0.07949023693799973,0.08213087916374207
358,0.07932791113853455,0.007181725464761257
359,0.09487015008926392,0.06532186269760132
360,0.07112596184015274,0.008663116954267025
361,0.07507063448429108,0.024166155606508255
362,0.06087689846754074,0.021495383232831955
363,0.060735512524843216,0.0031702304258942604
364,0.05853093042969704,0.01699633151292801
365,0.04586026817560196,0.006192971486598253
366,0.044291216880083084,0.021928921341896057
367,0.06567009538412094,0.01000882312655449
368,0.04538118839263916,0.012878349050879478
369,0.06629975140094757,0.02640482783317566
370,0.05802791565656662,0.0018536185380071402
371,0.09437785297632217,0.036731891334056854
372,0.08677417039871216,0.005209772847592831
373,0.05224337428808212,0.015207123942673206
374,0.08510114997625351,0.0034259450621902943
375,0.08156828582286835,0.024813013151288033
376,0.09599442780017853,0.006010767072439194
377,0.09613506495952606,0.04318256303668022
378,0.11810359358787537,0.0027658664621412754
379,0.10720160603523254,0.043582286685705185
380,0.11531490087509155,0.0049831802025437355
381,0.1255326271057129,0.06850315630435944
382,0.1311863362789154,0.0031986739486455917
383,0.11355027556419373,0.022363176569342613
384,0.11418494582176208,0.044848185032606125
385,0.11783546954393387,0.010640820488333702
386,0.15423104166984558,0.10318446159362793
387,0.14571918547153473,0.042310528457164764
388,0.16466225683689117,0.17739002406597137
389,0.16737577319145203,0.02028639055788517
390,0.20025841891765594,0.11464645713567734
391,0.1478727012872696,0.019597772508859634
392,0.16974444687366486,0.12261330336332321
393,0.16085711121559143,0.03907037153840065
394,0.1478983461856842,0.12852025032043457
395,0.17535623908042908,0.08065545558929443
396,0.16661116480827332,0.15537962317466736
397,0.11797399073839188,0.03873443230986595
398,0.19026923179626465,0.2627374529838562
399,0.18452107906341553,0.03723151981830597
400,0.1811225563287735,0.2028118073940277
401,0.14579221606254578,0.029931385070085526
402,0.16025196015834808,0.13043531775474548
403,0.1667887270450592,0.07646533846855164
404,0.12181847542524338,0.13731394708156586
405,0.12388613820075989,0.05353511497378349
406,0.13381464779376984,0.18319323658943176
407,0.17101040482521057,0.021752288565039635
408,0.15020161867141724,0.14051970839500427
409,0.1549309343099594,0.04598301276564598
410,0.18692898750305176,0.19481492042541504
411,0.16417941451072693,0.024592164903879166
412,0.14833220839500427,0.09143302589654922
413,0.12275619804859161,0.06771393120288849
414,0.11933501064777374,0.10021813213825226
415,0.10866078734397888,0.19040337204933167
416,0.09562808275222778,0.05668899416923523
417,0.1311817318201065,0.18074600398540497
418,0.13833601772785187,0.06253764033317566
419,0.10835783183574677,0.15879696607589722
420,0.10162246227264404,0.05228707939386368
421,0.08449743688106537,0.2146790474653244
422,0.09886062145233154,0.04922935739159584
423,0.0936659425497055,0.18897569179534912
424,0.09246259927749634,0.06046946719288826
425,0.10409802943468094,0.2196582853794098
426,0.1036686897277832,0.01773810386657715
427,0.10420143604278564,0.12799647450447083
428,0.07445410639047623,0.039653368294239044
429,0.06851547956466675,0.066130131483078
430,0.061402611434459686,0.06097326800227165
431,0.06950771808624268,0.1262897551059723
432,0.05888877436518669,0.034210409969091415
433,0.09635444730520248,0.07134672999382019
434,0.043031685054302216,0.04775930568575859
435,0.05120186135172844,0.07382658123970032
436,0.06281237304210663,0.011999132111668587
437,0.07904202491044998,0.15555229783058167
438,0.07274007797241211,0.01174881961196661
439,0.06410440802574158,0.05679892376065254
440,0.06105151027441025,0.029962990432977676
441,0.049757685512304306,0.03561720997095108
442,0.03674769401550293,0.013394344598054886
443,0.0184432715177536,0.020968180149793625
444,0.023014871403574944,0.011368976905941963
445,0.02759307250380516,0.027632422745227814
446,0.03957180306315422,0.01155712828040123
447,0.028796102851629257,0.005860154516994953
448,0.0418098159134388,0.09768800437450409
449,0.032873816788196564,0.003226757049560547
450,0.05374962091445923,0.05487785488367081
451,0.026938490569591522,0.008060608059167862
452,0.03946545720100403,0.02143477275967598
453,0.059078704565763474,0.010359672829508781
454,0.03684178367257118,0.041192419826984406
455,0.07241454720497131,0.001092338003218174
456,0.10829488933086395,0.06716984510421753
457,0.05288039147853851,0.004181588068604469
458,0.06487265974283218,0.13629356026649475
459,0.06092683598399162,0.0072606950998306274
460,0.0862736776471138,0.06390514969825745
461,0.0380319207906723,0.0073844073340296745
462,0.027773942798376083,0.011892862617969513
463,0.024492325261235237,0.01580454781651497
464,0.04007137194275856,0.009706942364573479
465,0.030978158116340637,0.004597931168973446
466,0.047129809856414795,0.10500423610210419
467,0.0793987363576889,0.0008098618127405643
468,0.1197056993842125,0.1024380624294281
469,0.057798247784376144,0.011253119446337223
470,0.045890457928180695,0.03846418112516403
471,0.05486080422997475,0.13931302726268768
472,0.07431721687316895,0.003691386431455612
473,0.10150954872369766,0.13937556743621826
474,0.11249295622110367,0.003994163125753403
475,0.11971819400787354,0.11550945788621902
476,0.07564330846071243,0.02263147383928299
477,0.057987138628959656,0.02814630977809429
478,0.04314751550555229,0.0689505785703659
479,0.047414638102054596,0.013562346808612347
480,0.06381823122501373,0.045811936259269714
481,0.05922788381576538,0.0032634534873068333
482,0.08240010589361191,0.06694211810827255
483,0.048872560262680054,0.004580861423164606
484,0.0491151362657547,0.024989034980535507
485,0.05160307139158249,0.038914527744054794
486,0.05815795436501503,0.019414838403463364
487,0.044739946722984314,0.04083597660064697
488,0.07163593918085098,0.01367838867008686
489,0.07418249547481537,0.231081023812294
490,0.13491441309452057,0.0003548135864548385
491,0.13768860697746277,0.0191861093044281
492,0.06255357712507248,0.04873223602771759
493,0.06286634504795074,0.008165493607521057
494,0.07372090220451355,0.0554545521736145
495,0.07905939966440201,0.011710203252732754
496,0.06455328315496445,0.06634539365768433
497,0.08476228266954422,0.00676706014201045
498,0.0825447291135788,0.06716137379407883
499,0.10049793124198914,0.0031236158683896065
500,0.11424513161182404,0.10155390948057175
501,0.14843860268592834,0.0036122810561209917
502,0.16277417540550232,0.1532563865184784
503,0.16001132130622864,0.0071779219433665276
504,0.15639850497245789,0.14166618883609772
505,0.13847792148590088,0.011489052325487137
506,0.1356760561466217,0.18990594148635864
507,0.12952959537506104,0.021145157516002655
508,0.13934513926506042,0.22072917222976685
509,0.1377531737089157,0.013540392741560936
510,0.12938281893730164,0.11117009818553925
511,0.10674997419118881,0.03819435462355614
512,0.1271519511938095,0.1586369276046753
513,0.10240732133388519,0.08048226684331894
514,0.12735329568386078,0.12420134246349335
515,0.12638653814792633,0.08171670138835907
516,0.12361030280590057,0.21627920866012573
517,0.157835453748703,0.017053600400686264
518,0.19280822575092316,0.269351601600647
519,0.17252874374389648,0.007528631016612053
520,0.2099238634109497,0.14317747950553894
521,0.14829865097999573,0.06575670093297958
522,0.11091223359107971,0.1725720763206482
523,0.12473559379577637,0.05447012186050415
524,0.10568466037511826,0.06029938906431198
525,0.1231028363108635,0.04222440719604492
526,0.10025310516357422,0.1072750985622406
527,0.10842949151992798,0.018215639516711235
528,0.14463648200035095,0.27806609869003296
529,0.17170929908752441,0.007757220417261124
530,0.13667592406272888,0.07275064289569855
531,0.1383199393749237,0.03854476660490036
532,0.14525428414344788,0.1665809154510498
533,0.152319073677063,0.015575533732771873
534,0.17454586923122406,0.15888145565986633
535,0.10084988176822662,0.03665293753147125
536,0.15246179699897766,0.18896812200546265
537,0.14680659770965576,0.020622028037905693
538,0.1506638526916504,0.20718801021575928
539,0.16294527053833008,0.01972784847021103
540,0.14706921577453613,0.13113468885421753
541,0.13548360764980316,0.0770241990685463
542,0.15161706507205963,0.24349969625473022
543,0.12810249626636505,0.04681355506181717
544,0.19282276928424835,0.3655383586883545
545,0.17488910257816315,0.04148454591631889
546,0.1954529881477356,0.21775275468826294
547,0.1538224071264267,0.10723340511322021
548,0.14979378879070282,0.22412335872650146
549,0.13901957869529724,0.11681507527828217
550,0.16433481872081757,0.24539926648139954
551,0.17263516783714294,0.09712234139442444
552,0.15989166498184204,0.24595654010772705
553,0.1424511969089508,0.15024828910827637
554,0.16036918759346008,0.15249958634376526
555,0.15671825408935547,0.19271473586559296
556,0.11645670235157013,0.07739074528217316
557,0.1931319385766983,0.22909477353096008
558,0.1660504788160324,0.020055562257766724
559,0.21849749982357025,0.3967919647693634
560,0.24061362445354462,0.028379589319229126
561,0.23667529225349426,0.2608984708786011
562,0.2035926729440689,0.057073432952165604
563,0.21823750436306,0.28739476203918457
564,0.19634948670864105,0.05714881420135498
565,0.2229854166507721,0.2198977768421173
566,0.18647415935993195,0.07898126542568207
567,0.16887840628623962,0.27060699462890625
568,0.1609211266040802,0.0790659636259079
569,0.17446348071098328,0.26175233721733093
570,0.1509307324886322,0.107469841837883
571,0.1493082344532013,0.3305939733982086
572,0.15992353856563568,0.24997268617153168
573,0.1308945119380951,0.237418532371521
574,0.1462060660123825,0.24905750155448914
575,0.16097615659236908,0.2833975851535797
576,0.14066345989704132,0.18694496154785156
577,0.15355917811393738,0.2730870842933655
578,0.1521952599287033,0.11404884606599808
579,0.16755695641040802,0.39401763677597046
580,0.2120884656906128,0.0433913879096508
581,0.15477979183197021,0.22645458579063416
582,0.15233716368675232,0.10993483662605286
583,0.10456564277410507,0.2153691202402115
584,0.13030844926834106,0.06670252978801727
585,0.1662374585866928,0.3592369258403778
586,0.17196394503116608,0.10098917782306671
587,0.1680338978767395,0.3376603126525879
588,0.14874127507209778,0.1115712970495224
589,0.1711011826992035,0.21602702140808105
590,0.17802923917770386,0.10752618312835693
591,0.15418578684329987,0.2237071990966797
592,0.17601852118968964,0.025509417057037354
593,0.21011602878570557,0.3348918557167053
594,0.20125846564769745,0.050024162977933884
595,0.18276359140872955,0.29156774282455444
596,0.14499062299728394,0.0883433073759079
597,0.20218268036842346,0.34246107935905457
598,0.1552186906337738,0.11732570827007294
599,0.13899049162864685,0.3383508324623108
600,0.13304944336414337,0.1742035448551178
601,0.14206504821777344,0.20670360326766968
602,0.12670396268367767,0.1665673553943634
603,0.1353110522031784,0.280229389667511
604,0.1538577526807785,0.07901100814342499
605,0.13909277319908142,0.3383697271347046
606,0.14491838216781616,0.11301463097333908
607,0.16973990201950073,0.46025627851486206
608,0.17447225749492645,0.08115394413471222
609,0.18615978956222534,0.47256043553352356
610,0.1907511055469513,0.15463991463184357
611,0.19368340075016022,0.2975974678993225
612,0.2188931107521057,0.12127543985843658
613,0.17969723045825958,0.4135264456272125
614,0.14591781795024872,0.11733146011829376
615,0.19061827659606934,0.35020169615745544
616,0.1707240492105484,0.07535078376531601
617,0.21403194963932037,0.33883506059646606
618,0.1489696502685547,0.1074252724647522
619,0.16912665963172913,0.3896470367908478
620,0.20348860323429108,0.1640005111694336
621,0.17867647111415863,0.3068554997444153
622,0.173917755484581,0.2278720736503601
623,0.17107726633548737,0.2454473376274109
624,0.1537415087223053,0.23945897817611694
625,0.1394399106502533,0.184024840593338
626,0.15030324459075928,0.3823329210281372
627,0.14910060167312622,0.07955735921859741
628,0.20694546401500702,0.4864726662635803
629,0.20384255051612854,0.06141028553247452
630,0.21290446817874908,0.3703089952468872
631,0.1720544546842575,0.18444804847240448
632,0.18165189027786255,0.3767966032028198
633,0.1732512265443802,0.09213115274906158
634,0.17274338006973267,0.40510571002960205
635,0.18012289702892303,0.07626867294311523
636,0.19275245070457458,0.341882586479187
637,0.15267159044742584,0.1114230751991272
638,0.16506342589855194,0.35640567541122437
639,0.17018617689609528,0.10699652880430222
640,0.1472465693950653,0.2206536829471588
641,0.13851842284202576,0.03778580576181412
642,0.14508038759231567,0.2677193284034729
643,0.14768242835998535,0.05118449404835701
644,0.1474507451057434,0.20639264583587646
645,0.12306810915470123,0.041734468191862106
646,0.12372945994138718,0.12311983853578568
647,0.13255615532398224,0.0350848063826561
648,0.12164893001317978,0.21086972951889038
649,0.2033073455095291,0.00798869226127863
650,0.17112845182418823,0.14026804268360138
651,0.11036990582942963,0.02132769674062729
652,0.0982157289981842,0.04652249068021774
653,0.08656129240989685,0.0255002211779356
654,0.10606492310762405,0.025394411757588387
655,0.10181017220020294,0.026729784905910492
656,0.0759054571390152,0.01950487121939659
657,0.09541337937116623,0.030177252367138863
658,0.11349157989025116,0.004169602412730455
659,0.11437328159809113,0.1284961998462677
660,0.12052153795957565,0.003977198153734207
661,0.1330481767654419,0.10225775837898254
662,0.11044912785291672,0.005732779856771231
663,0.12337101995944977,0.06811131536960602
664,0.09911356121301651,0.0052589066326618195
665,0.08860595524311066,0.014940891414880753
666,0.07337905466556549,0.007173539139330387
667,0.08653145283460617,0.022977177053689957
668,0.07809501141309738,0.00515065947547555
669,0.07617730647325516,0.012856495566666126
670,0.08215052634477615,0.009160957299172878
671,0.1087300032377243,0.01404456328600645
672,0.08432574570178986,0.004548745229840279
673,0.06705904006958008,0.04286123439669609
674,0.09296387434005737,0.0008586374460719526
675,0.1037856861948967,0.06547603011131287
676,0.12630817294120789,0.0026588262990117073
677,0.13706699013710022,0.04511546343564987
678,0.07586167752742767,0.003247916465625167
679,0.0796029269695282,0.03677089512348175
680,0.08745245635509491,0.014333541505038738
681,0.08536650240421295,0.006766469217836857
682,0.10573086142539978,0.021390657871961594
683,0.10072445869445801,0.014736086130142212
684,0.1129433810710907,0.06769334524869919
685,0.12183195352554321,0.0032545295543968678
686,0.15237750113010406,0.05937469005584717
687,0.12129350006580353,0.02399137243628502
688,0.1549123227596283,0.11452695727348328
689,0.14035160839557648,0.003950366750359535
690,0.2473672330379486,0.26453453302383423
691,0.2111683338880539,0.014505265280604362
692,0.19967567920684814,0.1798601746559143
693,0.13774608075618744,0.031706470996141434
694,0.1773166060447693,0.13401195406913757
695,0.16917073726654053,0.1381147801876068
696,0.15525323152542114,0.12617655098438263
697,0.14477232098579407,0.08641817420721054
698,0.161094069480896,0.26925697922706604
699,0.16525857150554657,0.026580609381198883
700,0.21271438896656036,0.2657206058502197
701,0.143718883395195,0.0774305909872055
702,0.11822080612182617,0.08195914328098297
703,0.11361576616764069,0.09709009528160095
704,0.1575791835784912,0.0670883059501648
705,0.1438249945640564,0.13590580224990845
706,0.12320700287818909,0.06075621396303177
707,0.13524708151817322,0.38145554065704346
708,0.19004642963409424,0.01682579517364502
709,0.20027077198028564,0.20660419762134552
710,0.16386589407920837,0.21304062008857727
711,0.21201005578041077,0.13747742772102356
712,0.2074878215789795,0.14385415613651276
713,0.22058802843093872,0.15580330789089203
714,0.1795000284910202,0.21829161047935486
715,0.20959502458572388,0.09153579920530319
716,0.21953310072422028,0.5298197865486145
717,0.24134600162506104,0.08542358875274658
718,0.24965262413024902,0.4026164412498474
719,0.2106957733631134,0.14937901496887207
720,0.19811907410621643,0.4703769087791443
721,0.22696378827095032,0.10553331673145294
722,0.2200869470834732,0.44604864716529846
723,0.22592082619667053,0.1742601990699768
724,0.2279350906610489,0.3664390444755554
725,0.23084349930286407,0.1264619380235672
726,0.23605455458164215,0.30959272384643555
727,0.19607660174369812,0.14131365716457367
728,0.19864362478256226,0.3618578612804413
729,0.24928753077983856,0.12902536988258362
730,0.21007761359214783,0.48097899556159973
731,0.22770683467388153,0.1608453243970871
732,0.26236140727996826,0.2698467969894409
733,0.2189117670059204,0.2712016701698303
734,0.21381597220897675,0.2030470073223114
735,0.2359379231929779,0.3321208357810974
736,0.23328790068626404,0.13821303844451904
737,0.24058321118354797,0.4111214280128479
738,0.24206021428108215,0.0966838151216507
739,0.2589018940925598,0.4341166615486145
740,0.2408197969198227,0.10132661461830139
741,0.25731658935546875,0.35492798686027527
742,0.23364107310771942,0.15556979179382324
743,0.24282985925674438,0.3443828523159027
744,0.23209357261657715,0.16695651412010193
745,0.23464713990688324,0.4715985059738159
746,0.260303795337677,0.14941686391830444
747,0.2193181812763214,0.42513447999954224
748,0.25278735160827637,0.1551494598388672
749,0.23281309008598328,0.352317214012146
750,0.24867068231105804,0.2247900366783142
751,0.23490239679813385,0.31580650806427
752,0.22159652411937714,0.188053697347641
753,0.1993536651134491,0.35639023780822754
754,0.22633405029773712,0.14965569972991943
755,0.23036211729049683,0.41041409969329834
756,0.2100926637649536,0.1537693440914154
757,0.24449840188026428,0.3649766147136688
758,0.21458788216114044,0.1587427854537964
759,0.21560543775558472,0.37003928422927856
760,0.1992769092321396,0.1331760585308075
761,0.2229786515235901,0.33520686626434326
762,0.20483577251434326,0.17399081587791443
763,0.21020853519439697,0.2844994068145752
764,0.21808874607086182,0.14704231917858124
765,0.19010572135448456,0.3130195438861847
766,0.20463189482688904,0.08655622601509094
767,0.2087903469800949,0.43350785970687866
768,0.22676101326942444,0.09010642766952515
769,0.21778306365013123,0.2674139738082886
770,0.21094268560409546,0.16008271276950836
771,0.2050754278898239,0.24298842251300812
772,0.19747188687324524,0.19378581643104553
773,0.2113654613494873,0.19255158305168152
774,0.1898469477891922,0.11824684590101242
775,0.1803099811077118,0.2436714470386505
776,0.2177356481552124,0.06024210900068283
777,0.22261667251586914,0.2595779001712799
778,0.23779462277889252,0.06435133516788483
779,0.2128497213125229,0.2140834480524063
780,0.2498440444469452,0.104381263256073
781,0.20267125964164734,0.14131391048431396
782,0.20249395072460175,0.13540253043174744
783,0.2102806568145752,0.11994431167840958
784,0.1805901974439621,0.23368366062641144
785,0.17979967594146729,0.04631280526518822
786,0.2137375771999359,0.23098404705524445
787,0.1857428103685379,0.06845514476299286
788,0.18319344520568848,0.2939963936805725
789,0.20195496082305908,0.05124891176819801
790,0.21939468383789062,0.2226540446281433
791,0.208903968334198,0.07831812649965286
792,0.16604472696781158,0.24433569610118866
793,0.15454062819480896,0.12697508931159973
794,0.18562184274196625,0.1860586404800415
795,0.1772867888212204,0.11026334017515182
796,0.21797625720500946,0.27011898159980774
797,0.20974552631378174,0.11158888787031174
798,0.19813953340053558,0.3525535762310028
799,0.18994945287704468,0.15596571564674377
800,0.18571457266807556,0.25367802381515503
801,0.23567339777946472,0.08670581877231598
802,0.2347666174173355,0.246224045753479
803,0.20385512709617615,0.11060629040002823
804,0.19537322223186493,0.1769544631242752
805,0.20268821716308594,0.08336189389228821
806,0.21675169467926025,0.4081875681877136
807,0.23484613001346588,0.07632928341627121
808,0.21300522983074188,0.2944885194301605
809,0.21063075959682465,0.14211951196193695
810,0.1826227605342865,0.18466895818710327
811,0.16587066650390625,0.19014473259449005
812,0.16378253698349,0.17703932523727417
813,0.15948975086212158,0.13775986433029175
814,0.16784873604774475,0.2558465898036957
815,0.1814064383506775,0.064703069627285
816,0.20571228861808777,0.3801567554473877
817,0.18850071728229523,0.06310684978961945
818,0.17124539613723755,0.1934712678194046
819,0.13607949018478394,0.055235423147678375
820,0.14690452814102173,0.17679913341999054
821,0.18086877465248108,0.18555109202861786
822,0.16103029251098633,0.21592837572097778
823,0.22394026815891266,0.3168092370033264
824,0.24500171840190887,0.13951937854290009
825,0.2376476228237152,0.4338715672492981
826,0.20581011474132538,0.11435350775718689
827,0.2309529185295105,0.49720025062561035
828,0.2197795808315277,0.2057931125164032
829,0.23737139999866486,0.3481762409210205
830,0.23063668608665466,0.1823509931564331
831,0.19695530831813812,0.30827176570892334
832,0.20480036735534668,0.17918826639652252
833,0.20133835077285767,0.2959546446800232
834,0.1824803352355957,0.1598893105983734
835,0.2096731960773468,0.3680442273616791
836,0.2261858582496643,0.10856218636035919
837,0.23486194014549255,0.3364730179309845
838,0.1930532306432724,0.1564195454120636
839,0.20986604690551758,0.31360721588134766
840,0.21133874356746674,0.16549402475357056
841,0.21513688564300537,0.2601637840270996
842,0.20328035950660706,0.17486554384231567
843,0.21323667466640472,0.3015846610069275
844,0.20444224774837494,0.2187936007976532
845,0.20698551833629608,0.3360241651535034
846,0.21680162847042084,0.14650292694568634
847,0.20499271154403687,0.4857771396636963
848,0.22017067670822144,0.18292197585105896
849,0.22245529294013977,0.3411480784416199
850,0.23344209790229797,0.19570720195770264
851,0.19364996254444122,0.30330580472946167
852,0.2112388014793396,0.16588696837425232
853,0.21663302183151245,0.32374411821365356
854,0.20542804896831512,0.17753157019615173
855,0.21833978593349457,0.3031732439994812
856,0.1936969757080078,0.15385402739048004
857,0.21029368042945862,0.37116190791130066
858,0.2483060210943222,0.16878539323806763
859,0.21195897459983826,0.48526883125305176
860,0.22998009622097015,0.14738699793815613
861,0.22311073541641235,0.48057055473327637
862,0.23778638243675232,0.29941436648368835
863,0.2635761499404907,0.27229946851730347
864,0.237348735332489,0.38706326484680176
865,0.25321894884109497,0.26764291524887085
866,0.21566727757453918,0.3621975779533386
867,0.20994852483272552,0.2602999210357666
868,0.2104831337928772,0.3277871906757355
869,0.23545736074447632,0.2564200758934021
870,0.20283405482769012,0.3784824013710022
871,0.23344655334949493,0.20254451036453247
872,0.219479039311409,0.4525356590747833
873,0.23085881769657135,0.20177824795246124
874,0.2311301976442337,0.41665348410606384
875,0.2125844657421112,0.1683194935321808
876,0.21392256021499634,0.39957618713378906
877,0.22799013555049896,0.20363247394561768
878,0.22602760791778564,0.32778435945510864
879,0.2106439471244812,0.23314031958580017
880,0.22141796350479126,0.3884483277797699
881,0.25885704159736633,0.1771335005760193
882,0.21919672191143036,0.4057914912700653
883,0.23912100493907928,0.24659304320812225
884,0.21636568009853363,0.3937452435493469
885,0.21094775199890137,0.30575472116470337
886,0.22712266445159912,0.32905256748199463
887,0.2220749855041504,0.278805136680603
888,0.2472686767578125,0.27811557054519653
889,0.20937934517860413,0.29860401153564453
890,0.19088083505630493,0.3517015874385834
891,0.20209485292434692,0.23799139261245728
892,0.21922381222248077,0.33580896258354187
893,0.2360076606273651,0.10133929550647736
894,0.2631750702857971,0.4056331217288971
895,0.23846527934074402,0.12973922491073608
896,0.24098166823387146,0.3556503355503082
897,0.23079846799373627,0.16033203899860382
898,0.22881479561328888,0.3691040277481079
899,0.22220076620578766,0.21371875703334808
900,0.22777864336967468,0.31055307388305664
901,0.20449776947498322,0.22614239156246185
902,0.21574895083904266,0.35127487778663635
903,0.20523089170455933,0.30845820903778076
904,0.20255227386951447,0.27993568778038025
905,0.23094773292541504,0.2100864052772522
906,0.21218033134937286,0.2952617406845093
907,0.19949808716773987,0.22109758853912354
908,0.18594692647457123,0.4479503035545349
909,0.2035013735294342,0.1129268929362297
910,0.2554197609424591,0.43259716033935547
911,0.23183609545230865,0.11095365881919861
912,0.21789687871932983,0.3214341402053833
913,0.22026631236076355,0.16469159722328186
914,0.2079603224992752,0.29165637493133545
915,0.1924411654472351,0.17275598645210266
916,0.21405181288719177,0.24012818932533264
917,0.19149884581565857,0.1724446415901184
918,0.2033505141735077,0.305900514125824
919,0.17409420013427734,0.12982574105262756
920,0.19541320204734802,0.32496488094329834
921,0.23199744522571564,0.14417682588100433
922,0.23688597977161407,0.3074662685394287
923,0.2131636142730713,0.12537696957588196
924,0.21326343715190887,0.3203396797180176
925,0.2229698747396469,0.10980559885501862
926,0.2153519093990326,0.3352724015712738
927,0.19578146934509277,0.16222608089447021
928,0.21346653997898102,0.2748097777366638
929,0.18982328474521637,0.15377312898635864
930,0.20762649178504944,0.2338566780090332
931,0.1896081417798996,0.13022547960281372
932,0.1914977729320526,0.21491114795207977
933,0.19543151557445526,0.1093795895576477
934,0.18377122282981873,0.2654171586036682
935,0.16700837016105652,0.10309283435344696
936,0.16493459045886993,0.3309553861618042
937,0.21514005959033966,0.05620391294360161
938,0.23125703632831573,0.2363148331642151
939,0.15582028031349182,0.1337878257036209
940,0.1512308567762375,0.2265179306268692
941,0.1628730595111847,0.12810777127742767
942,0.18345588445663452,0.20957788825035095
943,0.15385635197162628,0.12409430742263794
944,0.15000250935554504,0.21114149689674377
945,0.18553978204727173,0.07612454891204834
946,0.19245129823684692,0.29160061478614807
947,0.19774827361106873,0.0574159175157547
948,0.20753243565559387,0.3040747046470642
949,0.16400136053562164,0.08703336119651794
950,0.1771448850631714,0.272915780544281
951,0.1871597021818161,0.09897410869598389
952,0.19316011667251587,0.36338794231414795
953,0.1758945882320404,0.1438329517841339
954,0.15814682841300964,0.3200773596763611
955,0.18441124260425568,0.11071841418743134
956,0.15544849634170532,0.31945937871932983
957,0.16652652621269226,0.09404250979423523
958,0.20873892307281494,0.228346586227417
959,0.17671863734722137,0.09628283977508545
960,0.16506287455558777,0.24846763908863068
961,0.16558124125003815,0.06877045333385468
962,0.18583175539970398,0.2764553427696228
963,0.1946633905172348,0.09986411035060883
964,0.14335960149765015,0.2178792804479599
965,0.16242161393165588,0.07403969764709473
966,0.1567678153514862,0.20380860567092896
967,0.14498643577098846,0.050516821444034576
968,0.16122201085090637,0.26395151019096375
969,0.16452236473560333,0.04864763468503952
970,0.14898386597633362,0.1813710480928421
971,0.15016813576221466,0.11597025394439697
972,0.1262211948633194,0.09277114272117615
973,0.13497032225131989,0.11418217420578003
974,0.10824457556009293,0.07508808374404907
975,0.13824164867401123,0.1486569494009018
976,0.13343635201454163,0.021567655727267265
977,0.15187101066112518,0.20570094883441925
978,0.1403825730085373,0.02584901824593544
979,0.14117610454559326,0.18846148252487183
980,0.16640615463256836,0.049466442316770554
981,0.1466793566942215,0.1367991864681244
982,0.12860211730003357,0.06488874554634094
983,0.130618155002594,0.14979489147663116
984,0.1412176787853241,0.020329449325799942
985,0.12874943017959595,0.08529254794120789
986,0.10270411521196365,0.03489673137664795
987,0.10817252844572067,0.143446683883667
988,0.14015978574752808,0.021073926240205765
989,0.11853930354118347,0.09238216280937195
990,0.119185671210289,0.015201776288449764
991,0.0970744639635086,0.08827143907546997
992,0.09146694839000702,0.029513977468013763
993,0.06613035500049591,0.018998950719833374
994,0.0976894199848175,0.07784611731767654
995,0.07204999774694443,0.010556157678365707
996,0.09284529089927673,0.07143772393465042
997,0.0963921844959259,0.011643704026937485
998,0.076287180185318,0.1034453809261322
999,0.08010641485452652,0.008831550367176533
1000,0.108981192111969,0.1384407877922058
1001,0.08239062875509262,0.0056636743247509
1002,0.09172189235687256,0.06808368116617203
1003,0.06501586735248566,0.04807238653302193
1004,0.07794740051031113,0.10252417623996735
1005,0.08069495856761932,0.009130092337727547
1006,0.08720006048679352,0.07893763482570648
1007,0.06266823410987854,0.030061133205890656
1008,0.08638337254524231,0.028828229755163193
1009,0.08342976868152618,0.05804391950368881
1010,0.0663750097155571,0.10874077677726746
1011,0.0734279677271843,0.009122515097260475
1012,0.08809386193752289,0.10705694556236267
1013,0.10346230864524841,0.00916900485754013
1014,0.12304477393627167,0.12133137881755829
1015,0.09892178326845169,0.003693892853334546
1016,0.10595914721488953,0.06299400329589844
1017,0.10136549174785614,0.009052542969584465
1018,0.08888936787843704,0.05890880525112152
1019,0.08578287065029144,0.014210408553481102
1020,0.09046407043933868,0.021718669682741165
1021,0.06736208498477936,0.024206632748246193
1022,0.09597413241863251,0.08755934983491898
1023,0.10436370223760605,0.008927829563617706
1024,0.16240641474723816,0.22387775778770447
1025,0.1591234803199768,0.0022443337365984917
1026,0.16108635067939758,0.07881875336170197
1027,0.07031039893627167,0.014745336025953293
1028,0.09157923609018326,0.044068627059459686
1029,0.07662902772426605,0.008181029930710793
1030,0.07345202565193176,0.03320721164345741
1031,0.06046391651034355,0.008711686357855797
1032,0.06262895464897156,0.027715735137462616
1033,0.08275817334651947,0.010180666111409664
1034,0.06543827056884766,0.051577068865299225
1035,0.08462610840797424,0.004054759629070759
1036,0.07771660387516022,0.07961253821849823
1037,0.10396192967891693,0.002641601487994194
1038,0.08580309897661209,0.06442524492740631
1039,0.09440482407808304,0.005838793236762285
1040,0.09527388215065002,0.12187762558460236
1041,0.09386482834815979,0.004815617576241493
1042,0.07783724367618561,0.05370572954416275
1043,0.057900313287973404,0.041342344135046005
1044,0.06801099330186844,0.03242778033018112
1045,0.09495114535093307,0.10706938803195953
1046,0.07263311743736267,0.004704061895608902
1047,0.08520792424678802,0.0924539864063263
1048,0.07989329844713211,0.02433515340089798
1049,0.07346470654010773,0.2165549397468567
1050,0.07287244498729706,0.02712293341755867
1051,0.07807856798171997,0.21555352210998535
1052,0.08663783967494965,0.006711715832352638
1053,0.08462923765182495,0.13126322627067566
1054,0.07279966026544571,0.023620527237653732
1055,0.06722630560398102,0.12094347923994064
1056,0.11172039806842804,0.017314333468675613
1057,0.09245042502880096,0.20251747965812683
1058,0.11408490687608719,0.015817493200302124
1059,0.13034574687480927,0.251913845539093
1060,0.10811235755681992,0.0114261694252491
1061,0.0910152941942215,0.1092882975935936
1062,0.10028663277626038,0.05644816905260086
1063,0.08245953917503357,0.10470373928546906
1064,0.07290718704462051,0.07711707055568695
1065,0.092783123254776,0.04378938674926758
1066,0.0979139655828476,0.11793161928653717
1067,0.14937058091163635,0.00712581817060709
1068,0.13848471641540527,0.23557595908641815
1069,0.11994664371013641,0.012408703565597534
1070,0.11411643028259277,0.13973599672317505
1071,0.09854120016098022,0.036054953932762146
1072,0.11090077459812164,0.20228204131126404
1073,0.09404777735471725,0.023633431643247604
1074,0.10449913144111633,0.3013916015625
1075,0.11848536133766174,0.04502588510513306
1076,0.1060037910938263,0.2445162683725357
1077,0.09308483451604843,0.06826308369636536
1078,0.11222103238105774,0.32516634464263916
1079,0.11373843997716904,0.03575485944747925
1080,0.13087879121303558,0.43743085861206055
1081,0.1346510499715805,0.07495521008968353
1082,0.1494399458169937,0.1810748279094696
1083,0.0947892814874649,0.1494828164577484
1084,0.0979662537574768,0.10983293503522873
1085,0.09954993426799774,0.16200090944766998
1086,0.12935960292816162,0.13969895243644714
1087,0.11925126612186432,0.1880660057067871
1088,0.07999160140752792,0.053605519235134125
1089,0.11103037744760513,0.24163374304771423
1090,0.08666222542524338,0.09525980055332184
1091,0.10499995201826096,0.28493136167526245
1092,0.13487914204597473,0.006658755708485842
1093,0.20631353557109833,0.48934614658355713
1094,0.16127675771713257,0.06114618480205536
1095,0.13720697164535522,0.47131067514419556
1096,0.1301790326833725,0.1450219750404358
1097,0.12272971868515015,0.21162110567092896
1098,0.11154330521821976,0.17857496440410614
1099,0.11134512722492218,0.2914202809333801
1100,0.1261046677827835,0.08411289751529694
1101,0.1490476280450821,0.3922507166862488
1102,0.1234249621629715,0.07001740485429764
1103,0.14376237988471985,0.4383320212364197
1104,0.13089318573474884,0.12226103991270065
1105,0.17631904780864716,0.33393776416778564
1106,0.2038477212190628,0.030808132141828537
1107,0.1649635136127472,0.28954553604125977
1108,0.16877608001232147,0.22121843695640564
1109,0.14733634889125824,0.11167338490486145
1110,0.11588519811630249,0.18590547144412994
1111,0.1526385396718979,0.08359921723604202
1112,0.16597139835357666,0.23258700966835022
1113,0.13673976063728333,0.14745137095451355
1114,0.1338517665863037,0.050286829471588135
1115,0.17392712831497192,0.5044621229171753
1116,0.25481298565864563,0.029564056545495987
1117,0.2015080600976944,0.26277127861976624
1118,0.1748611479997635,0.10235950350761414
1119,0.18894100189208984,0.1421421468257904
1120,0.16961157321929932,0.08244507014751434
1121,0.1587192714214325,0.33125928044319153
1122,0.179683655500412,0.07987108081579208
1123,0.15101397037506104,0.3645511269569397
1124,0.15310442447662354,0.04562549293041229
1125,0.1688370704650879,0.3178558051586151
1126,0.18185751140117645,0.059493716806173325
1127,0.15246795117855072,0.3157488703727722
1128,0.1346922516822815,0.06965553760528564
1129,0.1558174192905426,0.34342139959335327
1130,0.16470584273338318,0.10329268127679825
1131,0.1201200783252716,0.24472910165786743
1132,0.12030813843011856,0.04523397237062454
1133,0.1644986867904663,0.25683265924453735
1134,0.15262429416179657,0.04427902400493622
1135,0.1460932493209839,0.25353819131851196
1136,0.12457597255706787,0.04812431335449219
1137,0.14970150589942932,0.16840851306915283
1138,0.14087826013565063,0.09625205397605896
1139,0.13465513288974762,0.1412224918603897
1140,0.14860105514526367,0.0717216208577156
1141,0.14207996428012848,0.1784079670906067
1142,0.11475826799869537,0.18621210753917694
1143,0.13422656059265137,0.06159153953194618
1144,0.14926689863204956,0.22253966331481934
1145,0.1817193627357483,0.007849803194403648
1146,0.23461852967739105,0.21163655817508698
1147,0.1917213350534439,0.01980491168797016
1148,0.213189497590065,0.23512892425060272
1149,0.17055988311767578,0.03512820973992348
1150,0.20562180876731873,0.3155350387096405
1151,0.20318639278411865,0.18223494291305542
1152,0.17328530550003052,0.28113237023353577
1153,0.16722360253334045,0.16653592884540558
1154,0.15299934148788452,0.13759081065654755
1155,0.18224990367889404,0.33953189849853516
1156,0.1524294912815094,0.060793738812208176
1157,0.16588705778121948,0.35750719904899597
1158,0.1980111449956894,0.04785071685910225
1159,0.15014396607875824,0.2278999239206314
1160,0.1509101241827011,0.05100267007946968
1161,0.1620396077632904,0.3170686364173889
1162,0.17555004358291626,0.03980029746890068
1163,0.1743747591972351,0.3147750496864319
1164,0.19649219512939453,0.08264937996864319
1165,0.16699732840061188,0.2660304307937622
1166,0.1496066004037857,0.0695061907172203
1167,0.13527286052703857,0.33761242032051086
1168,0.17349562048912048,0.0814477950334549
1169,0.16487571597099304,0.2459479719400406
1170,0.11586929112672806,0.12907737493515015
1171,0.12785154581069946,0.20943491160869598
1172,0.1337733119726181,0.05897027626633644
1173,0.17555835843086243,0.2144540697336197
1174,0.16370533406734467,0.050752896815538406
1175,0.17222130298614502,0.32101622223854065
1176,0.15962985157966614,0.055665288120508194
1177,0.1989210993051529,0.37323299050331116
1178,0.21045510470867157,0.05137065425515175
1179,0.2261398732662201,0.2907421886920929
1180,0.15405555069446564,0.1529724895954132
1181,0.1390344202518463,0.10377638041973114
1182,0.12990696728229523,0.18853120505809784
1183,0.13790638744831085,0.04522663727402687
1184,0.191572904586792,0.25675147771835327
1185,0.19665582478046417,0.033173415809869766
1186,0.23914149403572083,0.38058730959892273
1187,0.19939114153385162,0.07712585479021072
1188,0.22379711270332336,0.42073196172714233
1189,0.2515842616558075,0.10861185193061829
1190,0.2199585735797882,0.3004085123538971
1191,0.23125377297401428,0.1106678694486618
1192,0.18531359732151031,0.31170588731765747
1193,0.19874775409698486,0.06355094909667969
1194,0.19175884127616882,0.3128814697265625
1195,0.21294701099395752,0.09253910183906555
1196,0.21133890748023987,0.20271381735801697
1197,0.14388470351696014,0.18892447650432587
1198,0.1960536539554596,0.05788353830575943
1199,0.18457534909248352,0.3137487769126892
1200,0.18797986209392548,0.06742386519908905
1201,0.1917700171470642,0.15775154531002045
1202,0.16012029349803925,0.08302794396877289
1203,0.1844669133424759,0.25779813528060913
1204,0.1783132404088974,0.03977837786078453
1205,0.21050260961055756,0.3912888169288635
1206,0.22502866387367249,0.10768592357635498
1207,0.18361741304397583,0.47066769003868103
1208,0.21994805335998535,0.12720894813537598
1209,0.2258073091506958,0.40663132071495056
1210,0.24344968795776367,0.1219525933265686
1211,0.23521670699119568,0.4101753234863281
1212,0.20439761877059937,0.12507514655590057
1213,0.21637488901615143,0.34742504358291626
1214,0.18105871975421906,0.15048645436763763
1215,0.19609105587005615,0.46173936128616333
1216,0.2042720764875412,0.1374046951532364
1217,0.21616391837596893,0.30147719383239746
1218,0.225784569978714,0.11226370930671692
1219,0.20093858242034912,0.4147098660469055
1220,0.21020764112472534,0.0799577534198761
1221,0.22179248929023743,0.3984641134738922
1222,0.2135685235261917,0.11553600430488586
1223,0.1834317445755005,0.28905338048934937
1224,0.18212273716926575,0.09760487079620361
1225,0.19519910216331482,0.3830934166908264
1226,0.21433255076408386,0.08361079543828964
1227,0.1957997828722,0.33491092920303345
1228,0.18430715799331665,0.12980011105537415
1229,0.19578851759433746,0.30203595757484436
1230,0.18543371558189392,0.11904510855674744
1231,0.21024230122566223,0.26647618412971497
1232,0.21330086886882782,0.17254772782325745
1233,0.2182689905166626,0.28707391023635864
1234,0.1936788707971573,0.23094460368156433
1235,0.20261749625205994,0.359377384185791
1236,0.21613968908786774,0.10938141494989395
1237,0.2362438291311264,0.41335204243659973
1238,0.18654558062553406,0.13375423848628998
1239,0.20750248432159424,0.3077004551887512
1240,0.20214320719242096,0.12266751378774643
1241,0.2131791114807129,0.5313001871109009
1242,0.2277737706899643,0.11562500894069672
1243,0.20785601437091827,0.48387232422828674
1244,0.19944889843463898,0.14151343703269958
1245,0.22355705499649048,0.3360117971897125
1246,0.24456354975700378,0.10386830568313599
1247,0.23943260312080383,0.3120916187763214
1248,0.18723830580711365,0.20154309272766113
1249,0.22225600481033325,0.27972739934921265
1250,0.2287847101688385,0.15389087796211243
1251,0.24111633002758026,0.3072543740272522
1252,0.2129279375076294,0.1499524861574173
1253,0.24987468123435974,0.3398545980453491
1254,0.22223365306854248,0.146497443318367
1255,0.20583318173885345,0.35316503047943115
1256,0.21845801174640656,0.17391972243785858
1257,0.2297595739364624,0.3222777843475342
1258,0.22067883610725403,0.17522579431533813
1259,0.20650377869606018,0.4705903232097626
1260,0.22922107577323914,0.18823251128196716
1261,0.2566525936126709,0.2731623649597168
1262,0.18648362159729004,0.2615180015563965
1263,0.1932784914970398,0.2638566195964813
1264,0.2191649228334427,0.24287107586860657
1265,0.1812380850315094,0.2159372866153717
1266,0.24441105127334595,0.29655253887176514
1267,0.22001084685325623,0.17697888612747192
1268,0.21636377274990082,0.4752069115638733
1269,0.21160221099853516,0.10620686411857605
1270,0.23148703575134277,0.5152853727340698
1271,0.22110483050346375,0.1577635407447815
1272,0.19242867827415466,0.39307650923728943
1273,0.22522194683551788,0.15778665244579315
1274,0.22560462355613708,0.3812441825866699
1275,0.2365083247423172,0.1444525420665741
1276,0.2217807173728943,0.3406565189361572
1277,0.221080482006073,0.17313313484191895
1278,0.22665011882781982,0.26589494943618774
1279,0.21103990077972412,0.16437390446662903
1280,0.19915565848350525,0.2852384150028229
1281,0.21951794624328613,0.1261417418718338
1282,0.21117806434631348,0.33819055557250977
1283,0.20513902604579926,0.09185416251420975
1284,0.2578796148300171,0.29684901237487793
1285,0.24057134985923767,0.11436650902032852
1286,0.21362635493278503,0.26348114013671875
1287,0.22919955849647522,0.10522617399692535
1288,0.24350470304489136,0.275231271982193
1289,0.23782125115394592,0.17313456535339355
1290,0.23930153250694275,0.239359050989151
1291,0.22588381171226501,0.2555406987667084
1292,0.2131723314523697,0.21717460453510284
1293,0.2305430769920349,0.30932891368865967
1294,0.21414734423160553,0.16299819946289062
1295,0.21738159656524658,0.3997769057750702
1296,0.23186205327510834,0.0970957800745964
1297,0.23720018565654755,0.42594826221466064
1298,0.22141748666763306,0.12398045510053635
1299,0.21281343698501587,0.3809443712234497
1300,0.2281877100467682,0.13608722388744354
1301,0.2213691771030426,0.3178812861442566
1302,0.21531839668750763,0.15722116827964783
1303,0.21362349390983582,0.2800339162349701
1304,0.20714208483695984,0.16462481021881104
1305,0.20624849200248718,0.26037055253982544
1306,0.19924268126487732,0.1586119383573532
1307,0.17543825507164001,0.4318541884422302
1308,0.20986394584178925,0.17716017365455627
1309,0.20496828854084015,0.32585030794143677
1310,0.20191505551338196,0.20280079543590546
1311,0.19034969806671143,0.4131397008895874
1312,0.19448500871658325,0.20779898762702942
1313,0.21062436699867249,0.39146435260772705
1314,0.20352263748645782,0.24585238099098206
1315,0.18303248286247253,0.46923571825027466
1316,0.22749121487140656,0.17187334597110748
1317,0.22377228736877441,0.4245387613773346
1318,0.23557715117931366,0.1823524832725525
1319,0.21788433194160461,0.44667625427246094
1320,0.2168341428041458,0.187670037150383
1321,0.22370004653930664,0.4233475923538208
1322,0.19891270995140076,0.23303505778312683
1323,0.20976027846336365,0.4452889561653137
1324,0.19449077546596527,0.26533621549606323
1325,0.21663546562194824,0.3487982749938965
1326,0.21076256036758423,0.24633444845676422
1327,0.20771776139736176,0.35995838046073914
1328,0.23395952582359314,0.19744890928268433
1329,0.24390548467636108,0.40442365407943726
1330,0.2250901460647583,0.16514912247657776
1331,0.22957395017147064,0.36002588272094727
1332,0.21976159512996674,0.18435585498809814
1333,0.1981011927127838,0.4455423951148987
1334,0.21218280494213104,0.2082323431968689
1335,0.1954890638589859,0.3814975619316101
1336,0.20008645951747894,0.20874017477035522
1337,0.20599013566970825,0.3473956286907196
1338,0.21721933782100677,0.19347408413887024
1339,0.21636109054088593,0.407469242811203
1340,0.21239712834358215,0.14832797646522522
1341,0.2396921068429947,0.47227558493614197
1342,0.23713593184947968,0.19799810647964478
1343,0.2046644389629364,0.4099685251712799
1344,0.20129618048667908,0.2243548482656479
1345,0.2156459540128708,0.3435169458389282
1346,0.2280203104019165,0.2419995814561844
1347,0.2066049873828888,0.3895401060581207
1348,0.23669074475765228,0.22092288732528687
1349,0.23477153480052948,0.3100118637084961
1350,0.21553370356559753,0.28764578700065613
1351,0.1711610108613968,0.3609454035758972
1352,0.1892404854297638,0.1690475195646286
1353,0.22098234295845032,0.329947292804718
1354,0.19559475779533386,0.1831650584936142
1355,0.21680942177772522,0.4046556353569031
1356,0.25854966044425964,0.1034163236618042
1357,0.259696364402771,0.36809009313583374
1358,0.2293855994939804,0.15794490277767181
1359,0.21720919013023376,0.3950957655906677
1360,0.20187115669250488,0.158382847905159
1361,0.20824426412582397,0.44017523527145386
1362,0.2415492683649063,0.14792442321777344
1363,0.22927409410476685,0.38676881790161133
1364,0.1959041804075241,0.23682209849357605
1365,0.21318694949150085,0.2639179229736328
1366,0.2158590853214264,0.28311240673065186
1367,0.22923387587070465,0.21519100666046143
1368,0.21662192046642303,0.35343843698501587
1369,0.2377193570137024,0.14992058277130127
1370,0.2317117303609848,0.39734843373298645
1371,0.2163407951593399,0.13793586194515228
1372,0.239874467253685,0.4004617929458618
1373,0.2354864627122879,0.16355779767036438
1374,0.24240222573280334,0.3427446484565735
1375,0.21477670967578888,0.18239068984985352
1376,0.20598626136779785,0.285325825214386
1377,0.20549313724040985,0.19373175501823425
1378,0.2061043381690979,0.35440704226493835
1379,0.21399059891700745,0.14345768094062805
1380,0.21425852179527283,0.4517782926559448
1381,0.2000083029270172,0.21915224194526672
1382,0.23058831691741943,0.34464526176452637
1383,0.22316911816596985,0.25301361083984375
1384,0.204487606883049,0.34026825428009033
1385,0.21049880981445312,0.18117837607860565
1386,0.21574565768241882,0.45772403478622437
1387,0.2342991828918457,0.16620147228240967
1388,0.269553542137146,0.3851345181465149
1389,0.2255283147096634,0.1926419585943222
1390,0.22654928267002106,0.37250345945358276
1391,0.19182127714157104,0.21634389460086823
1392,0.22403869032859802,0.3829079270362854
1393,0.2212349772453308,0.18487811088562012
1394,0.21279634535312653,0.37068668007850647
1395,0.18160875141620636,0.1640046238899231
1396,0.19345423579216003,0.3956666886806488
1397,0.22703343629837036,0.13329094648361206
1398,0.18695007264614105,0.43051087856292725
1399,0.16665714979171753,0.1654384881258011
1400,0.17281809449195862,0.3554031252861023
1401,0.16575390100479126,0.15108922123908997
1402,0.18697313964366913,0.38183507323265076
1403,0.17630083858966827,0.13387008011341095
1404,0.18766412138938904,0.3057261109352112
1405,0.21560382843017578,0.15129020810127258
1406,0.17018084228038788,0.28281790018081665
1407,0.1914777159690857,0.19889360666275024
1408,0.1995602250099182,0.22320669889450073
1409,0.18326154351234436,0.15961825847625732
1410,0.20252946019172668,0.18660414218902588
1411,0.1700645387172699,0.19046901166439056
1412,0.17302362620830536,0.2163093537092209
1413,0.19182676076889038,0.1571275293827057
1414,0.16748857498168945,0.2497476488351822
1415,0.19731220602989197,0.058480262756347656
1416,0.21516910195350647,0.33807986974716187
1417,0.22770148515701294,0.053521811962127686
1418,0.19146578013896942,0.2333313673734665
1419,0.19489224255084991,0.06011619418859482
1420,0.2112707644701004,0.1944134533405304
1421,0.21838140487670898,0.05834618955850601
1422,0.1982225477695465,0.17198732495307922
1423,0.2114669233560562,0.055081143975257874
1424,0.16806983947753906,0.12842899560928345
1425,0.2063591480255127,0.05007614940404892
1426,0.16881048679351807,0.1192784234881401
1427,0.1984936147928238,0.06528635323047638
1428,0.20503026247024536,0.14459091424942017
1429,0.18784859776496887,0.05691312998533249
1430,0.18665564060211182,0.1659822016954422
1431,0.16969777643680573,0.07201601564884186
1432,0.17020747065544128,0.2768535614013672
1433,0.18630951642990112,0.04625991731882095
1434,0.19556981325149536,0.2778621315956116
1435,0.18931499123573303,0.11493528634309769
1436,0.18403464555740356,0.22409161925315857
1437,0.16653349995613098,0.12980100512504578
1438,0.20802903175354004,0.30452269315719604
1439,0.16588295996189117,0.11284421384334564
1440,0.19714803993701935,0.34831857681274414
1441,0.18579654395580292,0.14618846774101257
1442,0.1754778027534485,0.46047866344451904
1443,0.14541485905647278,0.1757296323776245
1444,0.17243905365467072,0.4078742265701294
1445,0.20337283611297607,0.12004436552524567
1446,0.19826149940490723,0.48226073384284973
1447,0.18210145831108093,0.19454774260520935
1448,0.1724364459514618,0.39309149980545044
1449,0.18274301290512085,0.20234012603759766
1450,0.17385564744472504,0.35966819524765015
1451,0.1770603209733963,0.17158037424087524
1452,0.1716518998146057,0.30760622024536133
1453,0.18306322395801544,0.13914898037910461
1454,0.20483005046844482,0.31577375531196594
1455,0.18560174107551575,0.17668789625167847
1456,0.1937650740146637,0.36284780502319336
1457,0.2295907884836197,0.12547928094863892
1458,0.2134813368320465,0.3635287284851074
1459,0.22720248997211456,0.10401301085948944
1460,0.18841898441314697,0.3316909074783325
1461,0.19908994436264038,0.10055610537528992
1462,0.21295860409736633,0.33175939321517944
1463,0.1952795833349228,0.10288475453853607
1464,0.2072003185749054,0.33331143856048584
1465,0.20369070768356323,0.08443579077720642
1466,0.208049014210701,0.3535780906677246
1467,0.2011260837316513,0.10052099823951721
1468,0.20298664271831512,0.2774519920349121
1469,0.17958007752895355,0.10994458198547363
1470,0.2084731161594391,0.36009255051612854
1471,0.2054162472486496,0.11084787547588348
1472,0.21782222390174866,0.25356191396713257
1473,0.19007161259651184,0.21061605215072632
1474,0.20269900560379028,0.2020125687122345
1475,0.19461140036582947,0.25516727566719055
1476,0.18229815363883972,0.2004486620426178
1477,0.2083614468574524,0.22602760791778564
1478,0.1606426239013672,0.1577138602733612
1479,0.16689184308052063,0.29189273715019226
1480,0.19927553832530975,0.05454007908701897
1481,0.20375409722328186,0.41962337493896484
1482,0.2036309838294983,0.06744559854269028
1483,0.2048618048429489,0.3202758729457855
1484,0.17445248365402222,0.10465072095394135
1485,0.15347272157669067,0.09416121244430542
1486,0.18080583214759827,0.1404852718114853
1487,0.16462454199790955,0.08571090549230576
1488,0.1568855345249176,0.2624853849411011
1489,0.17577672004699707,0.08118933439254761
1490,0.20580758154392242,0.3125460743904114
1491,0.14569056034088135,0.10126454383134842
1492,0.1590644270181656,0.2877940833568573
1493,0.1636401265859604,0.08412548899650574
1494,0.1558094322681427,0.14021331071853638
1495,0.14885428547859192,0.14896123111248016
1496,0.11868202686309814,0.12907353043556213
1497,0.11897825449705124,0.1550370752811432
1498,0.1403762549161911,0.13058023154735565
1499,0.14212922751903534,0.3681846559047699
1500,0.1806325763463974,0.07579249143600464
1501,0.19349759817123413,0.43611007928848267
1502,0.25651079416275024,0.08171944320201874
1503,0.17627809941768646,0.34931522607803345
1504,0.1933123767375946,0.09972070157527924
1505,0.16135267913341522,0.3696146309375763
1506,0.2012237310409546,0.12843260169029236
1507,0.20180287957191467,0.2079988420009613
1508,0.15153247117996216,0.1481289267539978
1509,0.16713246703147888,0.1451810598373413
1510,0.13959814608097076,0.22001774609088898
1511,0.15843334794044495,0.23148706555366516
1512,0.14937257766723633,0.18233519792556763
1513,0.15881559252738953,0.2348693311214447
1514,0.13932646811008453,0.17579859495162964
1515,0.16657893359661102,0.31473666429519653
1516,0.1567096710205078,0.10767178237438202
1517,0.163234680891037,0.45401084423065186
1518,0.20240741968154907,0.08248554170131683
1519,0.2177109718322754,0.5030007362365723
1520,0.1867109090089798,0.14674656093120575
1521,0.16510608792304993,0.31613636016845703
1522,0.16184209287166595,0.16283917427062988
1523,0.14419808983802795,0.3398614227771759
1524,0.16265606880187988,0.1418241411447525
1525,0.1833873689174652,0.31527799367904663
1526,0.17133378982543945,0.09440018236637115
1527,0.19283580780029297,0.39034560322761536
1528,0.22709882259368896,0.09058612585067749
1529,0.19409286975860596,0.33174949884414673
1530,0.19471868872642517,0.14396698772907257
1531,0.1686556041240692,0.3462076485157013
1532,0.193410724401474,0.19428442418575287
1533,0.19490107893943787,0.3336608409881592
1534,0.16489386558532715,0.21989822387695312
1535,0.15365003049373627,0.4971090853214264
1536,0.18543347716331482,0.14245733618736267
1537,0.21900691092014313,0.39474475383758545
1538,0.16529534757137299,0.21481066942214966
1539,0.16083621978759766,0.3561357259750366
1540,0.18377052247524261,0.16193294525146484
1541,0.174068883061409,0.32512468099594116
1542,0.16439832746982574,0.1706148087978363
1543,0.1645161360502243,0.3662385642528534
1544,0.160649836063385,0.1554984748363495
1545,0.18098852038383484,0.40786606073379517
1546,0.2282712161540985,0.09705513715744019
1547,0.17525126039981842,0.40505462884902954
1548,0.1695915013551712,0.17636874318122864
1549,0.16053727269172668,0.3424423933029175
1550,0.1430891752243042,0.20340615510940552
1551,0.17109578847885132,0.23999406397342682
1552,0.145034521818161,0.22777441143989563
1553,0.13612404465675354,0.21451511979103088
1554,0.1412203311920166,0.16217005252838135
1555,0.14924408495426178,0.3909100890159607
1556,0.200531005859375,0.03736927732825279
1557,0.25125572085380554,0.41610732674598694
1558,0.2089230865240097,0.0751928761601448
1559,0.20439621806144714,0.3597259223461151
1560,0.18948966264724731,0.12121757864952087
1561,0.1712580919265747,0.3538687229156494
1562,0.17082640528678894,0.1388208568096161
1563,0.17254497110843658,0.18331563472747803
1564,0.16248467564582825,0.14935564994812012
1565,0.1625351905822754,0.2709522843360901
1566,0.1995561420917511,0.053501375019550323
1567,0.21536704897880554,0.3590223491191864
1568,0.19290782511234283,0.07432609796524048
1569,0.2100856751203537,0.22042113542556763
1570,0.18720600008964539,0.10498431324958801
1571,0.17722685635089874,0.2017526626586914
1572,0.17076295614242554,0.07715027034282684
1573,0.16247346997261047,0.31507956981658936
1574,0.17213082313537598,0.08871182799339294
1575,0.15942543745040894,0.3648284375667572
1576,0.2082671970129013,0.08491235971450806
1577,0.1671065241098404,0.1746484339237213
1578,0.167659729719162,0.12912631034851074
1579,0.1592116355895996,0.20833630859851837
1580,0.15215393900871277,0.10100749135017395
1581,0.17014820873737335,0.3352643847465515
1582,0.1627490520477295,0.1248825341463089
1583,0.14355842769145966,0.42830076813697815
1584,0.16191743314266205,0.14168377220630646
1585,0.15674637258052826,0.32181721925735474
1586,0.16361817717552185,0.1072300598025322
1587,0.13442155718803406,0.3113784193992615
1588,0.12669561803340912,0.15174172818660736
1589,0.12745025753974915,0.3372635841369629
1590,0.13953770697116852,0.1182183250784874
1591,0.1348511278629303,0.35786283016204834
1592,0.15682977437973022,0.11883703619241714
1593,0.12337099015712738,0.2876107692718506
1594,0.14311105012893677,0.09198662638664246
1595,0.13813510537147522,0.3772997260093689
1596,0.1583506017923355,0.10634414851665497
1597,0.1488809585571289,0.30073946714401245
1598,0.16321857273578644,0.10778766125440598
1599,0.1453305035829544,0.27803361415863037
1600,0.15632852911949158,0.08388067036867142
1601,0.131827712059021,0.2659209966659546
1602,0.11760757118463516,0.16656799614429474
1603,0.12138006091117859,0.2813727855682373
1604,0.11565901339054108,0.14868277311325073
1605,0.12603458762168884,0.26742130517959595
1606,0.11140702664852142,0.19094912707805634
1607,0.10612103343009949,0.2809613347053528
1608,0.1338638961315155,0.14147798717021942
1609,0.14423051476478577,0.47122690081596375
1610,0.1737014502286911,0.09685567021369934
1611,0.17145340144634247,0.5058507919311523
1612,0.14347125589847565,0.13917222619056702
1613,0.13169708847999573,0.41047143936157227
1614,0.17027202248573303,0.1275557279586792
1615,0.15848982334136963,0.45778870582580566
1616,0.13320061564445496,0.14719948172569275
1617,0.1462956666946411,0.29234907031059265
1618,0.13704779744148254,0.1743193417787552
1619,0.14743132889270782,0.3129023611545563
1620,0.13896599411964417,0.08729919791221619
1621,0.1664024293422699,0.41618311405181885
1622,0.16532298922538757,0.06467443704605103
1623,0.17737069725990295,0.3519865870475769
1624,0.1535997986793518,0.15059947967529297
1625,0.1744113266468048,0.43449631333351135
1626,0.16932617127895355,0.12035183608531952
1627,0.15462619066238403,0.44827041029930115
1628,0.14525599777698517,0.1429649442434311
1629,0.15979135036468506,0.35079923272132874
1630,0.1375831663608551,0.17418846487998962
1631,0.14884406328201294,0.3395880460739136
1632,0.14203284680843353,0.1360129415988922
1633,0.19003653526306152,0.39531517028808594
1634,0.17620709538459778,0.1302328109741211
1635,0.19241617619991302,0.4133424162864685
1636,0.1514343023300171,0.1447606235742569
1637,0.17814284563064575,0.32820814847946167
1638,0.19423700869083405,0.0953102707862854
1639,0.17635808885097504,0.38330453634262085
1640,0.1456342339515686,0.1257316768169403
1641,0.13427379727363586,0.31292930245399475
1642,0.13250434398651123,0.20603042840957642
1643,0.16262704133987427,0.20598138868808746
1644,0.15046541392803192,0.26176804304122925
1645,0.1431039571762085,0.12006170302629471
1646,0.182313933968544,0.46563202142715454
1647,0.18759503960609436,0.061498258262872696
1648,0.20697109401226044,0.3675168752670288
1649,0.20751817524433136,0.1075962632894516
1650,0.21141767501831055,0.3688904941082001
1651,0.2191583216190338,0.10580916702747345
1652,0.2042149305343628,0.2844673991203308
1653,0.1751953810453415,0.15305444598197937
1654,0.16973361372947693,0.3675607740879059
1655,0.19535721838474274,0.08890660852193832
1656,0.21090398728847504,0.36075031757354736
1657,0.15794388949871063,0.14037014544010162
1658,0.21228563785552979,0.28850817680358887
1659,0.171639084815979,0.14808309078216553
1660,0.16884836554527283,0.45449715852737427
1661,0.23413193225860596,0.10379372537136078
1662,0.19468721747398376,0.37921684980392456
1663,0.2306661456823349,0.07120566070079803
1664,0.2161988914012909,0.3676389455795288
1665,0.1988333761692047,0.08749637007713318
1666,0.20327462255954742,0.34072065353393555
1667,0.14789433777332306,0.1760646104812622
1668,0.19805476069450378,0.2512129843235016
1669,0.20813170075416565,0.150404155254364
1670,0.1981484591960907,0.19309335947036743
1671,0.17739075422286987,0.27249735593795776
1672,0.17956219613552094,0.08140089362859726
1673,0.18537235260009766,0.3855839669704437
1674,0.19497212767601013,0.0529717355966568
1675,0.2466561645269394,0.44765883684158325
1676,0.2080470621585846,0.16005989909172058
1677,0.1693393886089325,0.2542440593242645
1678,0.17559807002544403,0.15114609897136688
1679,0.1614355742931366,0.2160225808620453
1680,0.1685815453529358,0.1484767198562622
1681,0.17063933610916138,0.264137327671051
1682,0.16620536148548126,0.06704387068748474
1683,0.18768322467803955,0.46393024921417236
1684,0.23302417993545532,0.0391690768301487
1685,0.24673311412334442,0.3159249722957611
1686,0.19186106324195862,0.1044723391532898
1687,0.1455819308757782,0.3358156085014343
1688,0.18079662322998047,0.10652832686901093
1689,0.15296021103858948,0.39876124262809753
1690,0.1628018468618393,0.10464807599782944
1691,0.19172844290733337,0.37179505825042725
1692,0.16587746143341064,0.10370983183383942
1693,0.16370859742164612,0.38435667753219604
1694,0.17418505251407623,0.06355974078178406
1695,0.18405956029891968,0.4292154312133789
1696,0.20053066313266754,0.06518225371837616
1697,0.18265721201896667,0.3034821152687073
1698,0.16918447613716125,0.12294284999370575
1699,0.1738099455833435,0.33516085147857666
1700,0.18505418300628662,0.10420073568820953
1701,0.19536568224430084,0.340833455324173
1702,0.1815677285194397,0.060008708387613297
1703,0.1875176727771759,0.31400877237319946
1704,0.14432546496391296,0.06837353110313416
1705,0.15683400630950928,0.23161211609840393
1706,0.16576069593429565,0.11241863667964935
1707,0.1301741898059845,0.25364941358566284
1708,0.13070158660411835,0.08706285059452057
1709,0.15565326809883118,0.27127671241760254
1710,0.15381072461605072,0.07516074925661087
1711,0.15692466497421265,0.36525094509124756
1712,0.1696944534778595,0.050538886338472366
1713,0.18773889541625977,0.31625646352767944
1714,0.17796489596366882,0.03784249350428581
1715,0.1776161938905716,0.2971707284450531
1716,0.17001166939735413,0.07535465061664581
1717,0.17457769811153412,0.25173091888427734
1718,0.1450420767068863,0.09067445993423462
1719,0.12217818945646286,0.2691434621810913
1720,0.13581834733486176,0.06277026236057281
1721,0.1543186604976654,0.25460320711135864
1722,0.1051938384771347,0.057109929621219635
1723,0.15059354901313782,0.25949206948280334
1724,0.15272188186645508,0.050629787147045135
1725,0.1236356794834137,0.16157469153404236
1726,0.11420781910419464,0.09321969747543335
1727,0.11785642802715302,0.21603071689605713
1728,0.12497814744710922,0.09702987968921661
1729,0.13345499336719513,0.32390573620796204
1730,0.1881585270166397,0.02679096907377243
1731,0.18872004747390747,0.283966988325119
1732,0.12652240693569183,0.05609394609928131
1733,0.14835424721240997,0.27151045203208923
1734,0.15090155601501465,0.02864871919155121
1735,0.164617657661438,0.17941416800022125
1736,0.09710855782032013,0.06577551364898682
1737,0.10849311202764511,0.18701431155204773
1738,0.11692178249359131,0.049648284912109375
1739,0.1320107877254486,0.3227754533290863
1740,0.15781888365745544,0.024615375325083733
1741,0.1908142864704132,0.22970949113368988
1742,0.14220035076141357,0.03188634663820267
1743,0.1685435026884079,0.2211896777153015
1744,0.14537307620048523,0.09624947607517242
1745,0.14852091670036316,0.2213369607925415
1746,0.152872696518898,0.06224337965250015
1747,0.1752551645040512,0.38732704520225525
1748,0.2114395946264267,0.017976444214582443
1749,0.19700723886489868,0.16199390590190887
1750,0.12738047540187836,0.0675729364156723
1751,0.10272084176540375,0.10229267179965973
1752,0.11609077453613281,0.08080105483531952
1753,0.13643495738506317,0.14686015248298645
1754,0.1101786196231842,0.02422088198363781
1755,0.14217686653137207,0.240354984998703
1756,0.1461586207151413,0.023312197998166084
1757,0.18483701348304749,0.2684229016304016
1758,0.1692248284816742,0.020173903554677963
1759,0.20233887434005737,0.211539626121521
1760,0.16291430592536926,0.036379408091306686
1761,0.15608778595924377,0.22622589766979218
1762,0.17220273613929749,0.03260079026222229
1763,0.16724328696727753,0.2798791527748108
1764,0.14791175723075867,0.03174901753664017
1765,0.16287460923194885,0.22191697359085083
1766,0.1525871306657791,0.04043455049395561
1767,0.15926653146743774,0.3445758819580078
1768,0.162739098072052,0.04940915107727051
1769,0.15033170580863953,0.24331426620483398
1770,0.15234975516796112,0.05175871402025223
1771,0.14947378635406494,0.20874078571796417
1772,0.13364139199256897,0.06507477164268494
1773,0.13935646414756775,0.24313655495643616
1774,0.14676779508590698,0.08394138514995575
1775,0.12504930794239044,0.3174476623535156
1776,0.17256072163581848,0.029675252735614777
1777,0.1994761824607849,0.3054763078689575
1778,0.16001364588737488,0.04979037493467331
1779,0.14839127659797668,0.3111411929130554
1780,0.16280624270439148,0.04500347375869751
1781,0.1759532392024994,0.2634809613227844
1782,0.1681538224220276,0.05390700325369835
1783,0.189994677901268,0.3168477416038513
1784,0.19043822586536407,0.03454158455133438
1785,0.2061110883951187,0.28063368797302246
1786,0.15511554479599,0.04761940985918045
1787,0.17111341655254364,0.30538201332092285
1788,0.18030710518360138,0.053723663091659546
1789,0.15087416768074036,0.2795678973197937
1790,0.17707277834415436,0.0888141319155693
1791,0.16396227478981018,0.282095730304718
1792,0.19021862745285034,0.05004681274294853
1793,0.17551958560943604,0.30314910411834717
1794,0.17885445058345795,0.07509901374578476
1795,0.14274607598781586,0.2807285785675049
1796,0.1492309868335724,0.06570489704608917
1797,0.1869504600763321,0.3092370331287384
1798,0.19309735298156738,0.0538252629339695
1799,0.18422013521194458,0.3169448971748352
1800,0.1635039895772934,0.06935465335845947
1801,0.19551599025726318,0.4171847105026245
1802,0.19979144632816315,0.04858054220676422
1803,0.19888003170490265,0.2848582863807678
1804,0.17310354113578796,0.07962449640035629
1805,0.1810523122549057,0.24363665282726288
1806,0.14756165444850922,0.06784635037183762
1807,0.13681450486183167,0.25445693731307983
1808,0.17100423574447632,0.04544471204280853
1809,0.16764125227928162,0.334590345621109
1810,0.17676697671413422,0.04444847255945206
1811,0.18585529923439026,0.30388200283050537
1812,0.17963945865631104,0.06061260774731636
1813,0.15818868577480316,0.21594420075416565
1814,0.139698788523674,0.11015225946903229
1815,0.13117167353630066,0.1574683040380478
1816,0.12473958730697632,0.05728618800640106
1817,0.15660707652568817,0.2047901600599289
1818,0.1464216262102127,0.04962637275457382
1819,0.13313645124435425,0.2622300386428833
1820,0.15280528366565704,0.0503644123673439
1821,0.1515781730413437,0.40655139088630676
1822,0.22056467831134796,0.038459375500679016
1823,0.2165016531944275,0.3119737505912781
1824,0.13955333828926086,0.06894118338823318
1825,0.1472007930278778,0.28216123580932617
1826,0.14576219022274017,0.07046599686145782
1827,0.1741037666797638,0.39262068271636963
1828,0.16995874047279358,0.0578840896487236
1829,0.15609519183635712,0.3675280809402466
1830,0.1845434159040451,0.05327101796865463
1831,0.16336330771446228,0.40888386964797974
1832,0.16649237275123596,0.09678487479686737
1833,0.16586492955684662,0.3983965218067169
1834,0.16293685138225555,0.07607479393482208
1835,0.1738172471523285,0.4300868511199951
1836,0.17082548141479492,0.10436049103736877
1837,0.1759422868490219,0.36718156933784485
1838,0.15872418880462646,0.10534899681806564
1839,0.15894445776939392,0.3330802917480469
